INSERT INTO `PREFIXrbthememenu_menu`(`id_menu`,`sort_order`,`enabled`,`enabled_vertical`,`menu_open_new_tab`,`id_cms`,`id_manufacturer`,`id_supplier`,`id_category`,`link_type`,`sub_menu_type`,`sub_menu_max_width`,`custom_class`,`menu_icon`,`menu_img_link`,`bubble_text_color`,`menu_item_width`,`tab_item_width`,`bubble_background_color`,`menu_ver_text_color`,`menu_ver_background_color`,`background_image`,`position_background`,`menu_ver_alway_show`,`menu_ver_hidden_border`,`display_tabs_in_full_width`) VALUES 
('1','0','1','0','0','0','0','0','0','HOME','FULL','100%','custom_home','','','#ffffff','230px','230px','#FC4444','#ffffff','#666666','','center','0','0','1'),('2','1','1','0','0','0','0','0','2','CATEGORY','FULL','100%','','','','#ffffff','230px','230px','#FC4444','#ffffff','#666666','','bottom','0','0','0'),('3','2','1','0','0','0','0','0','3','CATEGORY','FULL','100%','','','','#ffffff','230px','230px','#FC4444','#ffffff','#666666','','center','0','0','0'),('4','3','1','0','0','0','0','0','0','CUSTOM','FULL','100%','','','','#ffffff','230px','230px','#FC4444','#ffffff','#666666','','center','0','0','0'),('5','4','1','0','0','4','0','0','0','CMS','LEFT','230px','','','','#ffffff','230px','230px','#FC4444','#ffffff','#666666','','center','0','0','0'),('6','5','1','0','0','0','0','0','0','CONTACT','FULL','100%','','','','#ffffff','230px','230px','#FC4444','#ffffff','#666666','','center','0','0','0'),('7','6','1','1','0','0','0','0','0','HOME','LEFT','100%','','','','#ffffff','100%','250px','#FC4444','#ffffff','','','center','1','1','1');
INSERT INTO `PREFIXrbthememenu_menu_lang`(`id_menu`,`id_lang`,`title`,`link`,`bubble_text`) VALUES 
('1','1','Home','',''),('1','2','Home','',''),('1','3','Home','',''),('1','4','Home','',''),('2','1','Shop','',''),('2','2','Shop','',''),('2','3','Shop','',''),('2','4','Shop','',''),('2','5','Shop','',''),('2','6','Shop','',''),('3','1','Product','',''),('3','2','Product','',''),('3','3','Product','',''),('3','4','Product','',''),('4','1','Blog','blog.html',''),('4','2','Blog','blog.html',''),('4','3','Blog','blog.html',''),('4','4','Blog','blog.html',''),('5','1','Page','',''),('5','2','Page','',''),('5','3','Page','',''),('5','4','Page','',''),('6','1','Contact','',''),('6','2','Contact','',''),('7','1','Categories','',''),('7','2','Categories','','');
INSERT INTO `PREFIXrbthememenu_menu_shop`(`id_menu`,`id_shop`) VALUES ('1','1'),('2','1'),('3','1'),('4','1'),('5','1'),('6','1'),('7','1');
INSERT INTO `PREFIXrbthememenu_tab`(`id_tab`,`id_menu`,`enabled`,`tab_img_link`,`tab_sub_width`,`tab_sub_content_pos`,`tab_icon`,`bubble_text_color`,`bubble_background_color`,`sort_order`,`background_image`,`position_background`) VALUES ('1','7','0','','','1','','#ffffff','#FC4444','1','','center'),('2','7','0','','','1','','#ffffff','#FC4444','2','','bottom right'),('3','7','0','','','1','','#ffffff','#FC4444','3','','center'),('4','7','0','','','1','','#ffffff','#FC4444','4','','center'),('5','7','0','','','1','','#ffffff','#FC4444','5','','center'),('6','7','0','','','1','','#ffffff','#FC4444','6','','center');
INSERT INTO `PREFIXrbthememenu_tab_lang`(`id_tab`,`id_lang`,`title`,`url`,`bubble_text`) VALUES ('1','1','Home','',''),('1','2','Home','',''),('2','1','Shop','',''),('2','2','Shop','',''),('3','1','Product','',''),('3','2','Product','',''),('4','1','Blog','blog.html',''),('4','2','Blog','blog.html',''),('5','1','Page','',''),('5','2','Page','',''),('6','1','Contact','#',''),('6','2','Contact','#','');
INSERT INTO `PREFIXrbthememenu_column`(`id_column`,`id_menu`,`id_tab`,`is_breaker`,`column_size`,`sort_order`) VALUES ('1','2','0','0','3','1'),('2','5','0','0','12','1'),('3','3','0','0','4','1'),('4','3','0','0','4','2'),('5','3','0','0','4','3'),('6','2','0','0','4','2'),('7','2','0','0','2','3'),('8','2','0','0','3','4'),('9','1','0','0','2','1'),('10','1','0','0','2','2'),('11','1','0','0','2','3'),('12','1','0','0','2','4'),('13','1','0','0','2','5'),('14','1','0','0','2','6'),('15','1','0','1','3','7'),('16','1','0','0','3','8'),('17','2','0','1','4','5'),('18','2','0','0','4','6'),('19','2','0','0','4','7'),('20','3','0','1','4','4'),('21','3','0','0','4','5'),('22','3','0','0','4','6'),('23','7','1','0','2','1'),('24','7','1','0','2','2'),('25','7','1','0','2','3'),('26','7','1','0','2','4'),('27','7','1','0','2','5'),('28','7','1','0','2','6'),('29','7','1','1','3','7'),('30','7','1','0','3','8'),('31','7','2','0','3','13'),('32','7','2','0','4','14'),('33','7','2','0','2','15'),('34','7','2','0','3','16'),('35','7','2','1','3','17'),('36','7','2','0','4','18'),('37','7','2','0','2','19'),('38','7','3','0','4','20'),('39','7','3','0','4','21'),('40','7','3','0','4','22'),('41','7','3','0','4','23'),('42','7','3','0','4','24'),('43','7','3','0','4','25'),('44','1','0','0','3','11'),('45','1','0','0','3','12'),('46','7','1','0','3','9'),('47','7','1','0','3','10');
INSERT INTO `PREFIXrbthememenu_block`(`id_block`,`id_column`,`block_type`,`image`,`sort_order`,`enabled`,`id_categories`,`order_by_category`,`id_manufacturers`,`order_by_manufacturers`,`display_mnu_img`,`display_mnu_name`,`display_mnu_inline`,`id_suppliers`,`order_by_suppliers`,`display_suppliers_img`,`display_suppliers_name`,`display_suppliers_inline`,`product_type`,`id_products`,`product_count`,`id_cmss`,`display_title`,`show_description`,`show_clock`) VALUES 
('2','2','CMS','','1','1','','cl.name ASC,c.id_category ASC','','name ASC,m.id_manufacturer ASC','0','1','1','','name ASC,s.id_supplier ASC','0','1','1','specific','','2','0,4,1,2,5,3','0','0','0'),('4','4','PRODUCT','','1','1','','cl.name ASC,c.id_category ASC','','name ASC,m.id_manufacturer ASC','0','1','1','','name ASC,s.id_supplier ASC','0','1','1','popular','','2','','1','0','0'),('5','5','PRODUCT','','1','1','','cl.name ASC,c.id_category ASC','','name ASC,m.id_manufacturer ASC','0','1','1','','name ASC,s.id_supplier ASC','0','1','1','special','','2','','1','0','0'),('10','9','IMAGE','home-1.jpg','1','1','','cl.name ASC,c.id_category ASC','','name ASC,m.id_manufacturer ASC','0','1','1','','name ASC,s.id_supplier ASC','0','1','1','specific','','2','','1','0','0'),('11','10','IMAGE','home-2.jpg','1','1','','cl.name ASC,c.id_category ASC','','name ASC,m.id_manufacturer ASC','0','1','1','','name ASC,s.id_supplier ASC','0','1','1','specific','','2','','1','0','0'),('12','11','IMAGE','home-3.jpg','1','1','','cl.name ASC,c.id_category ASC','','name ASC,m.id_manufacturer ASC','0','1','1','','name ASC,s.id_supplier ASC','0','1','1','specific','','2','','1','0','0'),('13','12','IMAGE','home-4.jpg','1','1','','cl.name ASC,c.id_category ASC','','name ASC,m.id_manufacturer ASC','0','1','1','','name ASC,s.id_supplier ASC','0','1','1','specific','','2','','1','0','0'),('14','13','IMAGE','home-5.jpg','1','1','','cl.name ASC,c.id_category ASC','','name ASC,m.id_manufacturer ASC','0','1','1','','name ASC,s.id_supplier ASC','0','1','1','specific','','2','','1','0','0'),('15','14','IMAGE','home-6.jpg','1','1','','cl.name ASC,c.id_category ASC','','name ASC,m.id_manufacturer ASC','0','1','1','','name ASC,s.id_supplier ASC','0','1','1','specific','','2','','1','0','0'),('16','15','IMAGE','home-7.jpg','1','1','','cl.name ASC,c.id_category ASC','','name ASC,m.id_manufacturer ASC','0','1','1','','name ASC,s.id_supplier ASC','0','1','1','specific','','2','','1','0','0'),('17','16','IMAGE','home-8.jpg','1','1','','cl.name ASC,c.id_category ASC','','name ASC,m.id_manufacturer ASC','0','1','1','','name ASC,s.id_supplier ASC','0','1','1','specific','','2','','1','0','0'),('18','1','IMAGE','23_girl.jpg','1','1','','cl.name ASC,c.id_category ASC','','name ASC,m.id_manufacturer ASC','0','1','1','','name ASC,s.id_supplier ASC','0','1','1','specific','','2','','1','0','0'),('19','1','HTML','','2','1','','cl.name ASC,c.id_category ASC','','name ASC,m.id_manufacturer ASC','0','1','1','','name ASC,s.id_supplier ASC','0','1','1','specific','','2','','0','0','0'),('20','6','PRODUCT','','1','1','','cl.name ASC,c.id_category ASC','','name ASC,m.id_manufacturer ASC','0','1','1','','name ASC,s.id_supplier ASC','0','1','1','special','','2','','1','0','1'),('21','7','CATEGORY','','1','1','2,6,7,8,9,3','cl.name ASC,c.id_category ASC','','name ASC,m.id_manufacturer ASC','0','1','1','','name ASC,s.id_supplier ASC','0','1','1','specific','','2','','1','0','0'),('22','8','MNFT','','1','1','','cl.name ASC,c.id_category ASC','3,4','name ASC,m.id_manufacturer ASC','1','0','2','','name ASC,s.id_supplier ASC','0','1','1','specific','','2','','1','0','0'),('23','8','MNSP','','2','1','','cl.name ASC,c.id_category ASC','','name ASC,m.id_manufacturer ASC','0','1','1','1,2','name ASC,s.id_supplier ASC','1','0','2','specific','','2','','1','0','0'),('24','17','HTML','','1','1','','cl.name ASC,c.id_category ASC','','name ASC,m.id_manufacturer ASC','0','1','1','','name ASC,s.id_supplier ASC','0','1','1','specific','','2','','1','0','0'),('25','17','HTML','','2','1','','cl.name ASC,c.id_category ASC','','name ASC,m.id_manufacturer ASC','0','1','1','','name ASC,s.id_supplier ASC','0','1','1','specific','','2','','0','0','0'),('26','18','HTML','','1','1','','cl.name ASC,c.id_category ASC','','name ASC,m.id_manufacturer ASC','0','1','1','','name ASC,s.id_supplier ASC','0','1','1','specific','','2','','1','0','0'),('27','18','HTML','','2','1','','cl.name ASC,c.id_category ASC','','name ASC,m.id_manufacturer ASC','0','1','1','','name ASC,s.id_supplier ASC','0','1','1','specific','','2','','0','0','0'),('28','19','CMS','','1','1','','cl.name ASC,c.id_category ASC','','name ASC,m.id_manufacturer ASC','0','1','1','','name ASC,s.id_supplier ASC','0','1','1','specific','','2','0,4,1,2,5,3','1','0','0'),('29','3','IMAGE','featured-products.png','1','1','','cl.name ASC,c.id_category ASC','','name ASC,m.id_manufacturer ASC','0','1','1','','name ASC,s.id_supplier ASC','0','1','1','specific','','2','','0','0','0'),('30','3','HTML','','2','1','','cl.name ASC,c.id_category ASC','','name ASC,m.id_manufacturer ASC','0','1','1','','name ASC,s.id_supplier ASC','0','1','1','specific','','2','','0','0','0'),('31','20','PRODUCT','','1','1','','cl.name ASC,c.id_category ASC','','name ASC,m.id_manufacturer ASC','0','1','1','','name ASC,s.id_supplier ASC','0','1','1','new','','2','','1','0','0'),('32','21','PRODUCT','','1','1','','cl.name ASC,c.id_category ASC','','name ASC,m.id_manufacturer ASC','0','1','1','','name ASC,s.id_supplier ASC','0','1','1','best','','2','','1','0','0'),('33','22','PRODUCT','','1','1','','cl.name ASC,c.id_category ASC','','name ASC,m.id_manufacturer ASC','0','1','1','','name ASC,s.id_supplier ASC','0','1','1','specific','6-0,9-23','2','','1','0','0'),('34','23','IMAGE','a727a07ab7-home-1.jpg','1','1','','cl.name ASC,c.id_category ASC','','name ASC,m.id_manufacturer ASC','0','1','1','','name ASC,s.id_supplier ASC','0','1','1','specific','','2','','1','0','0'),('35','24','IMAGE','c1ad29752b-home-2.jpg','1','1','','cl.name ASC,c.id_category ASC','','name ASC,m.id_manufacturer ASC','0','1','1','','name ASC,s.id_supplier ASC','0','1','1','specific','','2','','1','0','0'),('36','25','IMAGE','fe2b31d8c6-home-3.jpg','1','1','','cl.name ASC,c.id_category ASC','','name ASC,m.id_manufacturer ASC','0','1','1','','name ASC,s.id_supplier ASC','0','1','1','specific','','2','','1','0','0'),('37','26','IMAGE','97b02844aa-home-4.jpg','1','1','','cl.name ASC,c.id_category ASC','','name ASC,m.id_manufacturer ASC','0','1','1','','name ASC,s.id_supplier ASC','0','1','1','specific','','2','','1','0','0'),('38','27','IMAGE','d3a560f77a-home-5.jpg','1','1','','cl.name ASC,c.id_category ASC','','name ASC,m.id_manufacturer ASC','0','1','1','','name ASC,s.id_supplier ASC','0','1','1','specific','','2','','1','0','0'),('39','31','IMAGE','a34c359581-23_girl.jpg','1','1','','cl.name ASC,c.id_category ASC','','name ASC,m.id_manufacturer ASC','0','1','1','','name ASC,s.id_supplier ASC','0','1','1','specific','','2','','1','0','0'),('40','31','HTML','','2','1','','cl.name ASC,c.id_category ASC','','name ASC,m.id_manufacturer ASC','0','1','1','','name ASC,s.id_supplier ASC','0','1','1','specific','','2','','0','0','0'),('41','32','PRODUCT','','1','1','','cl.name ASC,c.id_category ASC','','name ASC,m.id_manufacturer ASC','0','1','1','','name ASC,s.id_supplier ASC','0','1','1','special','','2','','1','0','0'),('42','33','CATEGORY','','1','1','2,6,7,8,9,3,5,4','cl.name ASC,c.id_category ASC','','name ASC,m.id_manufacturer ASC','0','1','1','','name ASC,s.id_supplier ASC','0','1','1','specific','','2','','1','0','0'),('43','34','MNFT','','1','1','','cl.name ASC,c.id_category ASC','3,4','name ASC,m.id_manufacturer ASC','1','0','2','','name ASC,s.id_supplier ASC','0','1','1','specific','','2','','1','0','0'),('44','34','MNSP','','2','1','','cl.name ASC,c.id_category ASC','','name ASC,m.id_manufacturer ASC','0','1','1','0,1,2','name ASC,s.id_supplier ASC','1','0','2','specific','','2','','1','0','0'),('45','35','HTML','','1','1','','cl.name ASC,c.id_category ASC','','name ASC,m.id_manufacturer ASC','0','1','1','','name ASC,s.id_supplier ASC','0','1','1','specific','','2','','1','0','0'),('46','36','HTML','','1','1','','cl.name ASC,c.id_category ASC','','name ASC,m.id_manufacturer ASC','0','1','1','','name ASC,s.id_supplier ASC','0','1','1','specific','','2','','1','0','0'),('47','37','CMS','','1','1','','cl.name ASC,c.id_category ASC','','name ASC,m.id_manufacturer ASC','0','1','1','','name ASC,s.id_supplier ASC','0','1','1','specific','','2','4,1,2','1','0','0'),('48','28','IMAGE','7221e7fc6c-home-6.jpg','1','1','','cl.name ASC,c.id_category ASC','','name ASC,m.id_manufacturer ASC','0','1','1','','name ASC,s.id_supplier ASC','0','1','1','specific','','2','','1','0','0'),('49','29','IMAGE','3e8f67d6e1-home-7.jpg','1','1','','cl.name ASC,c.id_category ASC','','name ASC,m.id_manufacturer ASC','0','1','1','','name ASC,s.id_supplier ASC','0','1','1','specific','','2','','1','0','0'),('50','30','IMAGE','ed6bb71b57-home-8.jpg','1','1','','cl.name ASC,c.id_category ASC','','name ASC,m.id_manufacturer ASC','0','1','1','','name ASC,s.id_supplier ASC','0','1','1','specific','','2','','1','0','0'),('51','38','IMAGE','b0619a6a48-featured-products.png','1','1','','cl.name ASC,c.id_category ASC','','name ASC,m.id_manufacturer ASC','0','1','1','','name ASC,s.id_supplier ASC','0','1','1','specific','','2','','0','0','0'),('52','38','HTML','','2','1','','cl.name ASC,c.id_category ASC','','name ASC,m.id_manufacturer ASC','0','1','1','','name ASC,s.id_supplier ASC','0','1','1','specific','','2','','0','0','0'),('53','39','PRODUCT','','1','1','','cl.name ASC,c.id_category ASC','','name ASC,m.id_manufacturer ASC','0','1','1','','name ASC,s.id_supplier ASC','0','1','1','popular','','2','','1','0','0'),('54','40','PRODUCT','','1','1','','cl.name ASC,c.id_category ASC','','name ASC,m.id_manufacturer ASC','0','1','1','','name ASC,s.id_supplier ASC','0','1','1','special','','2','','1','0','0'),('55','41','PRODUCT','','1','1','','cl.name ASC,c.id_category ASC','','name ASC,m.id_manufacturer ASC','0','1','1','','name ASC,s.id_supplier ASC','0','1','1','new','','2','','1','0','0'),('56','42','PRODUCT','','1','1','','cl.name ASC,c.id_category ASC','','name ASC,m.id_manufacturer ASC','0','1','1','','name ASC,s.id_supplier ASC','0','1','1','best','','2','','1','0','0'),('57','43','PRODUCT','','1','1','','cl.name ASC,c.id_category ASC','','name ASC,m.id_manufacturer ASC','0','1','1','','name ASC,s.id_supplier ASC','0','1','1','specific','3-14,1-1','2','','1','0','0'),('58','44','IMAGE','home-9.jpg','1','1','','cl.name ASC,c.id_category ASC','','name ASC,m.id_manufacturer ASC','0','1','1','','name ASC,s.id_supplier ASC','0','1','1','specific','','2','','1','0','0'),('59','45','IMAGE','home-10.jpg','1','1','','cl.name ASC,c.id_category ASC','','name ASC,m.id_manufacturer ASC','0','1','1','','name ASC,s.id_supplier ASC','0','1','1','specific','','2','','1','0','0'),('60','46','IMAGE','cc88721af3-home-9.jpg','1','1','','cl.name ASC,c.id_category ASC','','name ASC,m.id_manufacturer ASC','0','1','1','','name ASC,s.id_supplier ASC','0','1','1','specific','','2','','1','0','0'),('61','47','IMAGE','84661359c4-home-10.jpg','1','1','','cl.name ASC,c.id_category ASC','','name ASC,m.id_manufacturer ASC','0','1','1','','name ASC,s.id_supplier ASC','0','1','1','specific','','2','','1','0','0');
INSERT INTO `PREFIXrbthememenu_block_lang`(`id_block`,`id_lang`,`title`,`content`,`title_link`,`image_link`) VALUES ('2','1','Page','','',''),('2','2','Page','','',''),('2','3','Page','','',''),('2','4','Page','','',''),('4','1','Popular products','','',''),('4','2','Popular products','','',''),('4','3','Popular products','','',''),('4','4','Popular products','','',''),('5','1','Special products','','',''),('5','2','Special products','','',''),('5','3','Special products','','',''),('5','4','Special products','','',''),('10','1','Home 1','','home-1.html','home-1.html'),('10','2','Home 1','','home-1.html','home-1.html'),('10','3','Home 1','','home-1.html','home-1.html'),('10','4','Home 1','','home-1.html','home-1.html'),('10','5','Home 1','','home-1.html','home-1.html'),('10','6','Home 1','','home-1.html','home-1.html'),('11','1','Home 2','','home-2.html','home-2.html'),('11','2','Home 2','','home-2.html','home-2.html'),('11','3','Home 2','','home-2.html','home-2.html'),('11','4','Home 2','','home-2.html','home-2.html'),('11','5','Home 2','','home-2.html','home-2.html'),('11','6','Home 2','','home-2.html','home-2.html'),('12','1','Home 3','','home-3.html','home-3.html'),('12','2','Home 3','','home-3.html','home-3.html'),('12','3','Home 3','','home-3.html','home-3.html'),('12','4','Home 3','','home-3.html','home-3.html'),('12','5','Home 3','','home-3.html','home-3.html'),('12','6','Home 3','','home-3.html','home-3.html'),('13','1','Home 4','','home-4.html','home-4.html'),('13','2','Home 4','','home-4.html','home-4.html'),('13','3','Home 4','','home-4.html','home-4.html'),('13','4','Home 4','','home-4.html','home-4.html'),('13','5','Home 4','','home-4.html','home-4.html'),('13','6','Home 4','','home-4.html','home-4.html'),('14','1','Home 5','','home-5.html','home-5.html'),('14','2','Home 5','','home-5.html','home-5.html'),('14','3','Home 5','','home-5.html','home-5.html'),('14','4','Home 5','','home-5.html','home-5.html'),('14','5','Home 5','','home-5.html','home-5.html'),('14','6','Home 5','','home-5.html','home-5.html'),('15','1','Home 6','','home-6.html','home-6.html'),('15','2','Home 6','','home-6.html','home-6.html'),('15','3','Home 6','','home-6.html','home-6.html'),('15','4','Home 6','','home-6.html','home-6.html'),('15','5','Home 6','','home-6.html','home-6.html'),('15','6','Home 6','','home-6.html','home-6.html'),('16','1','Home 7','','home-7.html','home-7.html'),('16','2','Home 7','','home-7.html','home-7.html'),('16','3','Home 7','','home-7.html','home-7.html'),('16','4','Home 7','','home-7.html','home-7.html'),('16','5','Home 7','','home-7.html','home-7.html'),('16','6','Home 7','','home-7.html','home-7.html'),('17','1','Home 8','','home-8.html','home-8.html'),('17','2','Home 8','','home-8.html','home-8.html'),('17','3','Home 8','','home-8.html','home-8.html'),('17','4','Home 8','','home-8.html','home-8.html'),('17','5','Home 8','','home-8.html','home-8.html'),('17','6','Home 8','','home-8.html','home-8.html'),('18','1','Image & HTML','','',''),('18','2','Image & HTML','','',''),('19','1','Text','Lorem ipsum dolor sit amet, labore etai consectetur adipiscing elit, sed amet.','',''),('19','2','Text','Lorem ipsum dolor sit amet, labore etai consectetur adipiscing elit, sed amet.','',''),('20','1','Deals of the day','','',''),('20','2','Deals of the day','','',''),('21','1','Categories','','',''),('21','2','Categories','','',''),('22','1','Manufacture','','',''),('22','2','Manufacture','','',''),('23','1','Suppliers','','',''),('23','2','Suppliers','','',''),('24','1','Video','<iframe width="560" height="315" src="https://www.youtube.com/embed/40gCBjO948M?controls=0" title="YouTube video player" frameborder="0" allow="accelerometer; autoplay; clipboard-write; encrypted-media; gyroscope; picture-in-picture" allowfullscreen></iframe>','',''),('24','2','Video','<iframe width="560" height="315" src="https://www.youtube.com/embed/40gCBjO948M?controls=0" title="YouTube video player" frameborder="0" allow="accelerometer; autoplay; clipboard-write; encrypted-media; gyroscope; picture-in-picture" allowfullscreen></iframe>','',''),('25','1','Text','Lorem ipsum dolor sit amet sed doe, consectetur adipiscing elit, sed do ut','',''),('25','2','Text','Lorem ipsum dolor sit amet sed doe, consectetur adipiscing elit, sed do ut','',''),('26','1','Google map','<iframe src="https://www.google.com/maps/embed?pb=!1m14!1m8!1m3!1d459925.5385455104!2d-80.243797!3d25.765005!3m2!1i1024!2i768!4f13.1!3m3!1m2!1s0x0%3A0x0!2zMjXCsDQ1JzU0LjAiTiA4MMKwMTQnMzcuNyJX!5e0!3m2!1svi!2sus!4v1625199235217!5m2!1svi!2sus" width="600" height="450" style="border:0;" allowfullscreen="" loading="lazy"></iframe>','',''),('26','2','Google map','<iframe src="https://www.google.com/maps/embed?pb=!1m14!1m8!1m3!1d459925.5385455104!2d-80.243797!3d25.765005!3m2!1i1024!2i768!4f13.1!3m3!1m2!1s0x0%3A0x0!2zMjXCsDQ1JzU0LjAiTiA4MMKwMTQnMzcuNyJX!5e0!3m2!1svi!2sus!4v1625199235217!5m2!1svi!2sus" width="600" height="450" style="border:0;" allowfullscreen="" loading="lazy"></iframe>','',''),('27','1','Text','Lorem ipsum dolor sit amet, consectetur adipiscing elit, sed do eiusmod tem et dolore','',''),('27','2','Text','Lorem ipsum dolor sit amet, consectetur adipiscing elit, sed do eiusmod tem et dolore','',''),('28','1','CMS pages','','',''),('28','2','CMS pages','','',''),('28','3','CMS pages','','',''),('28','4','CMS pages','','',''),('28','5','CMS pages','','',''),('28','6','CMS pages','','',''),('29','1','Image','','',''),('29','2','Image','','',''),('30','1','Text','"Featured Products" is a new feature that is created in our Mega PRO menu. Receive products automatically from the site. A search box is also available to search for specific products.','',''),('30','2','Text','"Featured Products" is a new feature that is created in our Mega PRO menu. Receive products automatically from the site. A search box is also available to search for specific products.','',''),('31','1','New products','','',''),('31','2','New products','','',''),('32','1','Best sellers','','',''),('32','2','Best sellers','','',''),('33','1','Specific products','','',''),('33','2','Specific products','','',''),('34','1','Home 1','','','home-1.html'),('34','2','Home 1','','','home-1.html'),('34','3','Home 1','','','home-1.html'),('34','4','Home 1','','','home-1.html'),('34','5','Home 1','','','home-1.html'),('34','6','Home 1','','','home-1.html'),('35','1','Home 2','','home-2.html','home-2.html'),('35','2','Home 2','','home-2.html','home-2.html'),('35','3','Home 2','','home-2.html','home-2.html'),('35','4','Home 2','','home-2.html','home-2.html'),('35','5','Home 2','','home-2.html','home-2.html'),('35','6','Home 2','','home-2.html','home-2.html'),('36','1','Home 3','','home-3.html','home-3.html'),('36','2','Home 3','','home-3.html','home-3.html'),('36','3','Home 3','','home-3.html','home-3.html'),('36','4','Home 3','','home-3.html','home-3.html'),('36','5','Home 3','','home-3.html','home-3.html'),('36','6','Home 3','','home-3.html','home-3.html'),('37','1','Home 4','','home-4.html','home-4.html'),('37','2','Home 4','','home-4.html','home-4.html'),('37','3','Home 4','','home-4.html','home-4.html'),('37','4','Home 4','','home-4.html','home-4.html'),('37','5','Home 4','','home-4.html','home-4.html'),('37','6','Home 4','','home-4.html','home-4.html'),('38','1','Home 5','','home-5.html','home-5.html'),('38','2','Home 5','','home-5.html','home-5.html'),('38','3','Home 5','','home-5.html','home-5.html'),('38','4','Home 5','','home-5.html','home-5.html'),('38','5','Home 5','','home-5.html','home-5.html'),('38','6','Home 5','','home-5.html','home-5.html'),('39','1','Image & HTML','','',''),('39','2','Image & HTML','','',''),('40','1','Text','Lorem ipsum dolor sit amet, labore etai consectetur adipiscing elit, sed amet.','',''),('40','2','Text','Lorem ipsum dolor sit amet, labore etai consectetur adipiscing elit, sed amet.','',''),('41','1','Deals of the day','','',''),('41','2','Deals of the day','','',''),('42','1','Categories','','',''),('42','2','Categories','','',''),('43','1','Manufacture','','',''),('43','2','Manufacture','','',''),('44','1','Suppliers','','',''),('44','2','Suppliers','','',''),('45','1','Video','<iframe width="560" height="315" src="https://www.youtube.com/embed/40gCBjO948M?controls=0" title="YouTube video player" frameborder="0" allow="accelerometer; autoplay; clipboard-write; encrypted-media; gyroscope; picture-in-picture" allowfullscreen></iframe>','',''),('45','2','Video','<iframe width="560" height="315" src="https://www.youtube.com/embed/40gCBjO948M?controls=0" title="YouTube video player" frameborder="0" allow="accelerometer; autoplay; clipboard-write; encrypted-media; gyroscope; picture-in-picture" allowfullscreen></iframe>','',''),('46','1','Google map','<iframe src="https://www.google.com/maps/embed?pb=!1m14!1m8!1m3!1d459925.5385455104!2d-80.243797!3d25.765005!3m2!1i1024!2i768!4f13.1!3m3!1m2!1s0x0%3A0x0!2zMjXCsDQ1JzU0LjAiTiA4MMKwMTQnMzcuNyJX!5e0!3m2!1svi!2sus!4v1625199235217!5m2!1svi!2sus" width="600" height="450" style="border:0;" allowfullscreen="" loading="lazy"></iframe>','',''),('46','2','Google map','<iframe src="https://www.google.com/maps/embed?pb=!1m14!1m8!1m3!1d459925.5385455104!2d-80.243797!3d25.765005!3m2!1i1024!2i768!4f13.1!3m3!1m2!1s0x0%3A0x0!2zMjXCsDQ1JzU0LjAiTiA4MMKwMTQnMzcuNyJX!5e0!3m2!1svi!2sus!4v1625199235217!5m2!1svi!2sus" width="600" height="450" style="border:0;" allowfullscreen="" loading="lazy"></iframe>','',''),('47','1','CMS pages','','',''),('47','2','CMS pages','','',''),('48','1','Home 6','','home-6.html','home-6.html'),('48','2','Home 6','','home-6.html','home-6.html'),('48','3','Home 6','','home-6.html','home-6.html'),('48','4','Home 6','','home-6.html','home-6.html'),('48','5','Home 6','','home-6.html','home-6.html'),('48','6','Home 6','','home-6.html','home-6.html'),('49','1','Home 7','','home-7.html','home-7.html'),('49','2','Home 7','','home-7.html','home-7.html'),('49','3','Home 7','','home-7.html','home-7.html'),('49','4','Home 7','','home-7.html','home-7.html'),('49','5','Home 7','','home-7.html','home-7.html'),('49','6','Home 7','','home-7.html','home-7.html'),('50','1','Home 8','','home-8.html','home-8.html'),('50','2','Home 8','','home-8.html','home-8.html'),('50','3','Home 8','','home-8.html','home-8.html'),('50','4','Home 8','','home-8.html','home-8.html'),('50','5','Home 8','','home-8.html','home-8.html'),('50','6','Home 8','','home-8.html','home-8.html'),('51','1','Image & HTML','','',''),('51','2','Image & HTML','','',''),('52','1','Text','"Featured Products" is a new feature that is created in our Mega PRO menu. Receive products automatically from the site. A search box is also available to search for specific products.','',''),('52','2','Text','"Featured Products" is a new feature that is created in our Mega PRO menu. Receive products automatically from the site. A search box is also available to search for specific products.','',''),('53','1','Popular products','','',''),('53','2','Popular products','','',''),('54','1','Special products','','',''),('54','2','Special products','','',''),('55','1','New products','','',''),('55','2','New products','','',''),('56','1','Best sellers','','',''),('56','2','Best sellers','','',''),('57','1','Specific products','','',''),('57','2','Specific products','','',''),('58','1','Home 9','','home-9.html','home-9.html'),('58','2','Home 9','','home-9.html','home-9.html'),('58','3','Home 9','','home-9.html','home-9.html'),('58','4','Home 9','','home-9.html','home-9.html'),('58','5','Home 9','','home-9.html','home-9.html'),('58','6','Home 9','','home-9.html','home-9.html'),('59','1','Home 10','','home-10.html','home-10.html'),('59','2','Home 10','','home-10.html','home-10.html'),('59','3','Home 10','','home-10.html','home-10.html'),('59','4','Home 10','','home-10.html','home-10.html'),('59','5','Home 10','','home-10.html','home-10.html'),('59','6','Home 10','','home-10.html','home-10.html'),('60','1','Home 9','','home-9.html','home-9.html'),('60','2','Home 9','','home-9.html','home-9.html'),('60','3','Home 9','','home-9.html','home-9.html'),('60','4','Home 9','','home-9.html','home-9.html'),('60','5','Home 9','','home-9.html','home-9.html'),('60','6','Home 9','','home-9.html','home-9.html'),('61','1','Home 10','','home-10.html','home-10.html'),('61','2','Home 10','','home-10.html','home-10.html'),('61','3','Home 10','','home-10.html','home-10.html'),('61','4','Home 10','','home-10.html','home-10.html'),('61','5','Home 10','','home-10.html','home-10.html'),('61','6','Home 10','','home-10.html','home-10.html');
