[{"name":"RBTHEMEDREAM_HEADER","value":"1"},{"name":"RBTHEMEDREAM_FOOTER","value":"1"},{"name":"RBTHEMEDREAM_PRODUCT_LIST","value":"4"},{"name":"RBTHEMEDREAM_COL_PRODUCT_LIST","value":""},{"name":"RBTHEMEDREAM_SHOW_MAP","value":"1"},{"name":"RBTHEMEDREAM_FLOAT_HEADER","value":"1"},{"name":"RBTHEMEDREAM_MAP_LATITUDE","value":"25.76500500"},{"name":"RBTHEMEDREAM_MAP_LONGITUDE","value":"-80.24379700"},{"name":"RBTHEMEDREAM_FACEBOOK","value":"#"},{"name":"RBTHEMEDREAM_TWITTER","value":null},{"name":"RBTHEMEDREAM_INSTAGRAM","value":"#"},{"name":"RBTHEMEDREAM_PINTEREST","value":"#"},{"name":"RBTHEMEDREAM_YOUTUBE","value":"#"},{"name":"RBTHEMEDREAM_VIMEO","value":"#"},{"name":"RBTHEMEDREAM_PAGE_1","value":"0"},{"name":"RBTHEMEDREAM_HOME_1","value":"1"},{"name":"RBTHEMEDREAM_PAGE_2","value":"0"},{"name":"RBTHEMEDREAM_HOME_2","value":"1"},{"name":"RBTHEMEDREAM_PAGE_3","value":"0"},{"name":"RBTHEMEDREAM_HOME_3","value":"1"},{"name":"RBTHEMEDREAM_PAGE_4","value":"0"},{"name":"RBTHEMEDREAM_HOME_4","value":"1"},{"name":"RBTHEMEDREAM_PAGE_5","value":"0"},{"name":"RBTHEMEDREAM_HOME_5","value":"1"},{"name":"RBTHEMEDREAM_PAGE_6","value":"0"},{"name":"RBTHEMEDREAM_HOME_6","value":"1"},{"name":"RBTHEMEDREAM_PAGE_7","value":"0"},{"name":"RBTHEMEDREAM_HOME_7","value":"1"},{"name":"RBTHEMEDREAM_PAGE_8","value":"0"},{"name":"RBTHEMEDREAM_HOME_8","value":"1"},{"name":"RBTHEMEBLOG_BLOG_POSTS_PER_PAGE","value":"10"},{"name":"RBTHEMEBLOG_BLOG_SLUG","value":"blog"},{"name":"RBTHEMEBLOG_CATEGORY_IMAGE_X","value":"1000"},{"name":"RBTHEMEBLOG_CATEGORY_IMAGE_Y","value":"150"},{"name":"RBTHEMEBLOG_BLOG_THUMB_X","value":"597"},{"name":"RBTHEMEBLOG_BLOG_THUMB_Y","value":"597"},{"name":"RBTHEMEBLOG_BLOG_THUMB_X_WIDE","value":"1000"},{"name":"RBTHEMEBLOG_BLOG_THUMB_Y_WIDE","value":"1000"},{"name":"RBTHEMEFUNCTION_ADD_TO_CART","value":"1"},{"name":"RBTHEMEFUNCTION_COMPARE","value":"1"},{"name":"RBTHEMEFUNCTION_WISHLIST","value":"1"},{"name":"RBTHEMEFUNCTION_REVIEW","value":"1"},{"name":"RBTHEMEFUNCTION_SALE_POPUP","value":"1"},{"name":"RBTHEMEFUNCTION_BUTTON_PRINT","value":"1"},{"name":"RBTHEMEFUNCTION_GRID_VIEW","value":"1"},{"name":"RBTHEMEFUNCTION_POPUP_WIDTH","value":"770"},{"name":"RBTHEMEFUNCTION_POPUP_HEIGHT","value":"460"},{"name":"RBTHEMEFUNCTION_POPUP_NEWSLETTER","value":"1"},{"name":"RBTHEMEFUNCTION_POPUP_BG","value":"1"},{"name":"RBTHEMEFUNCTION_POPUP_TEXT","value":["<h2>Be the first to know<\/h2>\r\n<p>Subscribe for the latest news &amp; get 15% off your first order.<\/p>"]},{"name":"RBTHEMEMENU_HOOK_TO","value":"default"},{"name":"RBTHEMEMENU_TRANSITION_EFFECT","value":"fade"},{"name":"RBTHEMEMENU_DIR","value":"auto"},{"name":"RBTHEMEMENU_IMAGE_TYPE","value":"home"},{"name":"RBTHEMEMENU_INCLUDE_SUB_CATEGORIES","value":"1"},{"name":"RBTHEMEMENU_STICKY_DISMOBILE","value":"1"},{"name":"RBTHEMEMENU_CLICK_TEXT_SHOW_SUB","value":"0"},{"name":"RBTHEMEMENU_SHOW_ICON_VERTICAL","value":"1"},{"name":"RBTHEMEMENU_ACTIVE_ENABLED","value":"0"},{"name":"RBTHEMEMENU_ACTIVE_BG_GRAY","value":"1"},{"name":"RBTHEMEMENU_CACHE_ENABLED","value":"0"},{"name":"RBTHEMEMENU_CACHE_LIFE_TIME","value":"24"},{"name":"RBTHEMEMENU_LAYOUT","value":"layout1"},{"name":"RBTHEMEMENU_HEADING_FONT","value":"inherit"},{"name":"RBTHEMEMENU_HEADING_FONT_SIZE","value":"16"},{"name":"RBTHEMEMENU_TEXT_FONT","value":"inherit"},{"name":"RBTHEMEMENU_TEXTTITLE_FONT_SIZE","value":"16"},{"name":"RBTHEMEMENU_TEXT_FONT_SIZE","value":"14"},{"name":"RBTHEMEMENU_COLOR1","value":null},{"name":"RBTHEMEMENU_COLOR2","value":"#484848"},{"name":"RBTHEMEMENU_COLOR3","value":"#ec4249"},{"name":"RBTHEMEMENU_COLOR4","value":"#ffffff"},{"name":"RBTHEMEMENU_COLOR5","value":"#ffffff"},{"name":"RBTHEMEMENU_COLOR_36","value":"#414141"},{"name":"RBTHEMEMENU_COLOR6","value":"#414141"},{"name":"RBTHEMEMENU_COLOR7","value":"#ec4249"},{"name":"RBTHEMEMENU_COLOR8","value":"#3cabdb"},{"name":"RBTHEMEMENU_COLOR9","value":"#ffffff"},{"name":"RBTHEMEMENU_COLOR_10","value":"#ffffff"},{"name":"RBTHEMEMENU_COLOR_11","value":"#50b4df"},{"name":"RBTHEMEMENU_COLOR_12","value":"#ffffff"},{"name":"RBTHEMEMENU_COLOR_37","value":"#414141"},{"name":"RBTHEMEMENU_COLOR_13","value":"#666666"},{"name":"RBTHEMEMENU_COLOR_14","value":"#fc4444"},{"name":"RBTHEMEMENU_COLOR_15","value":"#333333"},{"name":"RBTHEMEMENU_COLOR_16","value":"#ffffff"},{"name":"RBTHEMEMENU_COLOR_17","value":"#ffffff"},{"name":"RBTHEMEMENU_COLOR_18","value":"#000000"},{"name":"RBTHEMEMENU_COLOR_19","value":"#000000"},{"name":"RBTHEMEMENU_COLOR_38","value":"#ec4249"},{"name":"RBTHEMEMENU_COLOR_20","value":"#dcdcdc"},{"name":"RBTHEMEMENU_COLOR_21","value":"#fc4444"},{"name":"RBTHEMEMENU_COLOR_22","value":"#ffffff"},{"name":"RBTHEMEMENU_COLOR_23","value":"#333333"},{"name":"RBTHEMEMENU_COLOR_24","value":"#ffffff"},{"name":"RBTHEMEMENU_COLOR_25","value":"#ec4249"},{"name":"RBTHEMEMENU_COLOR_26","value":"#ffffff"},{"name":"RBTHEMEMENU_COLOR_39","value":"#414141"},{"name":"RBTHEMEMENU_COLOR_27","value":"#666666"},{"name":"RBTHEMEMENU_COLOR_28","value":"#ec4249"},{"name":"RBTHEMEMENU_COLOR_29","value":"#f6f6f6"},{"name":"RBTHEMEMENU_COLOR_30","value":"#333333"},{"name":"RBTHEMEMENU_COLOR_31","value":"#ec4249"},{"name":"RBTHEMEMENU_COLOR_32","value":null},{"name":"RBTHEMEMENU_COLOR_33","value":"#ffffff"},{"name":"RBTHEMEMENU_COLOR_40","value":"#414141"},{"name":"RBTHEMEMENU_COLOR_34","value":"#333333"},{"name":"RBTHEMEMENU_COLOR_35","value":"#ec4249"},{"name":"RBTHEMEMENU_MOBILE_BG_BAR","value":"#000000"},{"name":"RBTHEMEMENU_MOBILE_COLOR_BAR","value":"#ffffff"},{"name":"RBTHEMEMENU_CUSTOM_CLASS","value":null},{"name":"RBTHEMEMENU_DISPLAY_SHOPPING_CART","value":"0"},{"name":"RBTHEMEMENU_DISPLAY_SEARCH","value":"0"},{"name":"RBTHEMEMENU_SEARCH_DISPLAY_DEFAULT","value":"0"},{"name":"RBTHEMEMENU_CUSTOM_HTML_TEXT","value":[""]},{"name":"RBTHEMEBLOG_BLOG_MAIN_TITLE","value":["blog"]},{"name":"RBTHEMEBLOG_BLOG_MAIN_META_DESCRIPTION","value":[""]},{"name":"RBTHEMEBLOG_BLOG_CATEGORY_SORTBY","value":"position"},{"name":"RBTHEMEBLOG_BLOG_FB_INIT","value":"0"},{"name":"RBTHEMEBLOG_BLOG_LIST_LAYOUT","value":"grid"},{"name":"RBTHEMEBLOG_BLOG_GRID_COLUMNS","value":"2"},{"name":"RBTHEMEBLOG_BLOG_DISPLAY_LIKES","value":"1"},{"name":"RBTHEMEBLOG_BLOG_DISPLAY_SHARER","value":"1"},{"name":"RBTHEMEBLOG_BLOG_DISPLAY_AUTHOR","value":"1"},{"name":"RBTHEMEBLOG_BLOG_DISPLAY_DATE","value":"1"},{"name":"RBTHEMEBLOG_BLOG_DISPLAY_FEATURED","value":"1"},{"name":"RBTHEMEBLOG_BLOG_DISPLAY_CATEGORY","value":"1"},{"name":"RBTHEMEBLOG_BLOG_DISPLAY_TAGS","value":"1"},{"name":"RBTHEMEBLOG_BLOG_DISPLAY_RELATED","value":"1"},{"name":"RBTHEMEBLOG_BLOG_DISPLAY_MORE","value":"1"},{"name":"RBTHEMEBLOG_BLOG_DISPLAY_THUMBNAIL","value":"1"},{"name":"RBTHEMEBLOG_BLOG_DISPLAY_DESCRIPTION","value":"1"},{"name":"RBTHEMEBLOG_BLOG_DISPLAY_CAT_DESC","value":"1"},{"name":"RBTHEMEBLOG_BLOG_DISPLAY_CATEGORY_IMAGE","value":"1"},{"name":"RBTHEMEBLOG_BLOG_COMMENTS_SYSTEM","value":"native"},{"name":"RBTHEMEBLOG_BLOG_COMMENT_AUTO_APPROVAL","value":"1"},{"name":"RBTHEMEBLOG_BLOG_COMMENT_ALLOW","value":"1"},{"name":"RBTHEMEBLOG_BLOG_COMMENT_ALLOW_GUEST","value":"1"},{"name":"RBTHEMEBLOG_BLOG_FACEBOOK_MODERATOR","value":null},{"name":"RBTHEMEBLOG_BLOG_FACEBOOK_APP_ID","value":null},{"name":"RBTHEMEBLOG_BLOG_FACEBOOK_COLOR_SCHEME","value":"light"},{"name":"RBTHEMEBLOG_BLOG_IMAGE_FBSHARE","value":"featured"},{"name":"RBTHEMEBLO_BLOG_DISQUS_SHORTNAME","value":null},{"name":"RBTHEMEBLOG_BLOG_COMMENTS_RECAPTCHA","value":"0"},{"name":"RBTHEMEBLOG_BLOG_COMMENTS_RECAPTCHA_SITE_KEY","value":null},{"name":"RBTHEMEBLOG_BLOG_COMMENTS_RECAPTCHA_SECRET_KEY","value":null},{"name":"RBTHEMEBLOG_BLOG_COMMENTS_RECAPTCHA_THEME","value":"light"},{"name":"RBTHEMEBLOG_BLOG_THUMB_METHOD","value":"2"},{"name":"RBTHEMEBLOG_BLOG_RELATED_PRODUCTS_USE_DEFAULT_LIST","value":"0"},{"name":"RBTHEMEBLOG_BLOG_LOAD_FITVIDS","value":"0"},{"name":"RBTHEMEBLOG_BLOG_IMPORT_SETTINGS","value":null},{"name":"RBTHEMEFUNCTION_BUTTON_NEXT_PREV","value":"1"},{"name":"RBTHEMEFUNCTION_LOADING_PAGE","value":"1"},{"name":"RBTHEMEFUNCTION_BACKGROUND_LOADING","value":null},{"name":"RBTHEMEFUNCTION_TAG_CATEGORY","value":"1"},{"name":"RBTHEMEFUNCTION_COUNTDOWN","value":"0"},{"name":"RBTHEMEFUNCTION_APP_ID","value":"1671479023110588"},{"name":"RBTHEMEFUNCTION_PAGE_ID","value":"2005509456220113"},{"name":"RBTHEMEFUNCTION_ACTIVE_CHAT","value":"1"},{"name":"RBTHEMEFUNCTION_COLOR_CHAT","value":null},{"name":"RBTHEMEFUNCTION_TIME_CHAT","value":"12"},{"name":"RBTHEMEFUNCTION_ACTIVE_LOGIN","value":"0"},{"name":"RBTHEMEFUNCTION_AFTER_REDIRECT","value":"authentication_page"},{"name":"RBTHEMEFUNCTION_ACTIVE_COMMENTS","value":"1"},{"name":"RBTHEMEFUNCTION_LOCATION_COMMENTS","value":"1"},{"name":"RBTHEMEFUNCTION_COMMENTS_WIDTH","value":"100%"},{"name":"RBTHEMEFUNCTION_COMMENTS_NUMBER","value":null},{"name":"RBTHEMEFUNCTION_COMMENTS_ADMIN","value":null},{"name":"RBTHEMEFUNCTION_POPUP_ACTIVE","value":"1"},{"name":"RBTHEMEFUNCTION_SLICK_ACTIVE","value":"1"},{"name":"RBTHEMEFUNCTION_SLICK_SLIDE_SHOW","value":"4"},{"name":"RBTHEMEFUNCTION_SLICK_SLIDE_SCROLL","value":"1"},{"name":"RBTHEMEFUNCTION_SLICK_AUTOPLAY","value":"0"},{"name":"RBTHEMEFUNCTION_SLICK_AUTOSPEED","value":null},{"name":"RBTHEMEFUNCTION_ZOOM_ACTIVE","value":"1"},{"name":"RBTHEMEFUNCTION_ZOOM_TYPE","value":"2"},{"name":"RBTHEMEFUNCTION_ZOOM_SCROll","value":"1"},{"name":"RBTHEMEFUNCTION_FACEBOOK_TIMELINE","value":"0"},{"name":"RBTHEMEFUNCTION_FACEBOOK_TIMELINE_W","value":null},{"name":"RBTHEMEFUNCTION_FACEBOOK_TIMELINE_H","value":null},{"name":"RBTHEMEFUNCTION_FACEBOOK_TIMELINE_URL","value":null},{"name":"RBTHEMEFUNCTION_FACEBOOK_TIMELINE_NAME","value":null},{"name":"RBTHEMEFUNCTION_TWITTER_TIMELINE","value":"0"},{"name":"RBTHEMEFUNCTION_TWITTER_CODE","value":null},{"name":"RBTHEMEDREAM_ENABLE_SUBCATEGORY","value":"0"},{"name":"RBTHEMEDREAM_ENABLE_CUSTOM_CSS","value":"0"},{"name":"RBTHEMEDREAM_FONT_FAMILY","value":null},{"name":"RBTHEMEDREAM_HEADER_BACKGROUND","value":null},{"name":"RBTHEMEDREAM_HEADER_BODER","value":null},{"name":"RBTHEMEDREAM_HEADER_ENABLE_BORDER","value":"0"},{"name":"RBTHEMEDREAM_HEADER_TEXT_COLOR","value":null},{"name":"RBTHEMEDREAM_HEADER_TEXT_HOVER_COLOR","value":null},{"name":"RBTHEMEDREAM_CONTENT_TEXT_COLOR","value":null},{"name":"RBTHEMEDREAM_CONTENT_TEXT_HOVER_COLOR","value":null},{"name":"RBTHEMEDREAM_CONTENT_ENABLE_BORDER","value":"0"},{"name":"RBTHEMEDREAM_CONTENT_BACKGROUND","value":null},{"name":"RBTHEMEDREAM_CONTENT_BODER","value":null},{"name":"RBTHEMEDREAM_FOOTER_TEXT_COLOR","value":null},{"name":"RBTHEMEDREAM_FOOTER_TEXT_HOVER_COLOR","value":null},{"name":"RBTHEMEDREAM_FOOTER_ENABLE_BORDER","value":"0"},{"name":"RBTHEMEDREAM_FOOTER_BACKGROUND","value":null},{"name":"RBTHEMEDREAM_FOOTER_BODER","value":null},{"name":"RBTHEMEDREAM_CUSTOM_CSS","value":null},{"name":"RBTHEMEDREAM_PAGE_9","value":"0"},{"name":"RBTHEMEDREAM_HOME_9","value":"1"},{"name":"RBTHEMEDREAM_PAGE_10","value":"0"},{"name":"RBTHEMEDREAM_HOME_10","value":"1"},{"name":"U1_RBTHEMESLIDER_HELP_WP_POINTER","value":"\"1\""}]